similarity,cross_score
0.9661336,-0.0007752581870938
0.985127,-0.0012470841794791
0.9287387,-0.0008868085053643
0.93156195,-0.0041731214741836
0.93351376,-0.0024251231668627
0.9119215,-0.0120622524593803
0.91608196,-0.0014827997231029
0.94759625,0.0934011360187792
0.9019345,-0.0210339885836844
0.89914215,-0.0082013923795593
0.89914215,-0.0873023562842346
0.90051365,0.0541272712585439
0.9807605,-0.0045500655798625
0.9020301,-0.0058893576512875
0.8850373,-0.0100324204810632
0.96525127,0.000757181739207
0.98848045,0.3838409110508463
0.9175233,0.0181482075468504
0.91108745,0.0350127366599846
0.92055064,0.0670123799284677
0.92821187,0.0191357263424899
0.79235685,-0.0364802457275563
0.86483884,-0.0066187238818361
0.9583832,0.2074349428327318
0.97767764,0.1897000204398943
0.9122688,0.0528399146969943
0.8991092,-0.0011470434738245
0.9037485,-0.0018320197912073
0.8565244,0.5194294468989331
0.9104621,0.0039831642197481
0.968124,0.0091452867732665
0.8985279,0.0368749027103513
0.97089195,-0.0228858410946023
0.97103614,0.0024712715855155
0.97103614,-0.0445309090469286
0.9955388,0.0320820649379058
0.89338356,-0.0167041720389284
0.6566718,0.0
0.71337575,0.0
0.57740486,0.0018002694673766
0.8171245,0.0
0.8174028,-0.008657427836474
0.8544081,-0.0050442031265638
0.829727,-0.010348455612833
0.9306434,-0.0472201679391268
0.93169767,0.0012487300020393
0.9351359,-0.0019878299611012
0.9351359,-0.0015282724969757
0.9357389,0.0014974863555294
0.8904441,-0.0159903719142444
0.53172594,0.0007413899964849
0.9671719,-0.0414026367708469
0.80674326,-0.0250686784074525
0.7799211,-0.0977798622997572
0.9036126,-0.0790116565599983
0.91316533,-0.0686993124660674
0.91715366,0.2114526890587077
0.83910716,-0.053811173342604
0.98173887,-0.0462348948287888
0.8381885,-0.3393809889144752
0.8278941,-0.4479239208146763
0.9172033,0.0265687150364587
0.84433854,-0.13930550603715
0.86310583,-0.1175955113070533
0.986547,-0.1931704699037763
0.8962847,-0.1281057878521987
0.8919501,-0.067814158177006
0.8931845,0.0153114459023717
0.8757385,-0.0554817152830828
0.8754384,-0.0959776834622442
0.8754384,0.1265255634141755
0.7879637,-0.1369631583559304
0.79235685,-0.3024012716220658
0.9084289,0.0250726951608911
0.99578625,0.0050431065933447
0.9906634,0.0099006458730566
0.8722065,0.0881194581933816
0.8747538,0.0804394535795243
0.833068,0.1292244555167281
0.8466325,0.0132226238737242
0.8505563,-0.0205849394771841
0.7984259,0.0337737891345356
0.7941537,0.0280067826578723
0.7941537,0.3386930839134595
0.7957788,-0.0108704027331899
0.91308796,0.0144120091595445
0.9711866,0.0756943973636329
0.7686201,-0.0075942711336163
0.9224183,-0.1176138268055251
0.9649337,-0.0704026338581635
0.8251101,0.0597010618188324
0.81490135,0.0574204203712861
0.8243692,-0.2798629924206287
0.8595445,0.0211869216971766
0.6566718,0.0325046428016121
0.7416711,-0.1186953499799789
0.89973074,0.2107358262255173
0.93039626,-0.0948012594751179
0.8147136,-0.040391177079212
0.81921935,0.0781256252350194
0.81972486,-0.0127204839639401
0.7309236,-0.2044177605174423
0.8185307,0.1687011059961625
0.8927283,-0.2387733690867009
0.8047315,0.1059816225298141
0.89845926,0.0338503920407323
0.89873576,0.0341890642459122
0.89873576,-0.0933550921886324
0.9679805,0.0239140137136432
0.9661336,-0.2604684662088571
0.79450554,-0.1301636187128637
0.99578625,-0.0001128174566274
0.975132,-2.7616529074353685e-05
0.9060496,0.0012901372170044
0.90832675,0.0204202646742385
0.8739699,0.008383159487198
0.8843417,0.0411614109707978
0.8941813,0.0218487721425845
0.8468546,-0.0144367501107654
0.84307957,-0.013961986821076
0.84307957,0.1011414637729232
0.84456205,0.0009982600346414
0.9437543,0.1150001882136784
0.95078206,0.0192416646968053
0.82051253,0.1477540789283253
0.9491996,0.0345582729524565
0.98315954,0.0792071150465509
0.86986095,0.0356809712300688
0.86099803,0.0772566776828803
0.86996645,-0.0149917668645601
0.89657223,0.0503933657968788
0.71337575,-0.0029429315801659
0.7955115,-0.0005283627177205
0.93212,0.1393005789983128
0.9578336,0.0774610211992059
0.8611163,0.0146882348764119
0.86085784,0.0069734779586058
0.86254376,0.0281598546083826
0.78538704,0.1085124405259592
0.86347955,0.0457904753495207
0.929361,0.1423883057731487
0.8507225,0.0761916072922367
0.93407714,-0.016104270489324
0.9343033,0.0043429737814148
0.9343033,-0.0096671295849466
0.98657715,0.0873992260835972
0.985127,0.1218764234372587
0.84215176,0.0097921657376194
0.9906634,0.0197654326308454
0.975132,0.008769620899019
0.7982408,0.0304582931912673
0.8013448,0.0355974076025517
0.7506196,0.0566638655765025
0.7670246,0.0128670810871546
0.7785154,0.0
0.7133638,0.1356964401522922
0.70873827,0.1308814943628229
0.70873827,0.6334658743576503
0.71073896,0.0790052651985696
0.8655695,0.0030932812828666
0.9930431,0.0168178460105619
0.68453795,0.0002918536764133
0.8614572,0.0
0.92017615,0.001860229797506
0.7425454,0.0862723304284122
0.7311096,0.0639001337622694
0.74270654,-0.7286898813602174
0.7824202,-0.0042212564785477
0.57740486,0.0021005150213077
0.65771943,-0.0015224787951219
0.8320764,0.3135720109605214
0.87204754,0.0
0.7311799,0.0782605603943137
0.7342702,0.1037899930084923
0.73487055,0.0
0.6473945,-0.0461996809301457
0.7343281,0.206793604804781
0.8265403,0.0
0.7179982,-0.0090461411652623
0.83244216,0.2089995344569243
0.8327832,0.2088538330079138
0.8327832,0.38580021522706
0.9258888,0.0623773131192221
0.9287387,0.0
0.7068573,-0.0468619357107302
0.8722065,0.0272001861893481
0.9060496,0.0081263729860231
0.7982408,0.070412839465489
0.9999846,0.1237827371581021
0.9957162,0.2063135103006307
0.9986534,0.0369795871856211
0.95778215,0.0450600650020948
0.9686962,0.0912857223346713
0.9661405,0.0559294383807178
0.9661405,0.5417203372576116
0.96598834,0.0319337828064818
0.91769123,0.0272582786241417
0.731835,0.040732573386461
0.9351778,0.0410690798727675
0.99313784,0.0258337489369445
0.9675029,0.313383494263212
0.984213,0.0747993979206189
0.97965777,0.154789230112808
0.9781805,-0.0450423385520373
0.9990591,0.1962181537264884
0.8171245,-0.0057557486886558
0.91020083,-0.0568705864562603
0.99601173,0.5056148021622442
0.98658514,0.063960206152404
0.97778755,0.0272980192889617
0.9944697,0.1661759025036638
0.99287176,0.123234653905362
0.8987683,0.4293689474142719
0.98599684,0.1519087475754621
0.9768477,0.4054071443684652
0.98474133,0.2628677313824974
0.9816243,-0.0797644060037691
0.98163027,-0.0514930019034789
0.98163027,0.2997984988892303
0.9565322,0.2687667198828308
0.93156195,0.3223642509325977
0.9783282,0.0383245824910328
0.8747538,0.0212833763442826
0.90832675,0.0129141738140563
0.8013448,0.0677982299511036
0.9999846,0.1964532104026963
0.9954143,0.3251042242697048
0.9983975,0.0480631438842118
0.95844793,0.0453076838247681
0.9685597,0.0287101595383219
0.96599513,0.0333269975919743
0.96599513,0.2795864808623766
0.96586597,0.0131176365485634
0.91947645,0.0558934466430442
0.7354475,0.0687198308315109
0.9352211,0.0871920073668632
0.9937629,0.0083964156549316
0.96887296,0.2520569055249692
0.9841161,0.0464944249662941
0.9795225,0.1121915449181551
0.9781979,-0.0311987573317357
0.99897915,0.126530314703702
0.8174028,-0.0068362344585239
0.9102785,-0.0214465319357268
0.99644405,0.3478049593265724
0.987464,0.067315298538947
0.9776894,0.0361095695254482
0.99399126,0.0758459798215328
0.99247503,0.1206736966039376
0.8988761,0.236455802876091
0.9857743,0.1063167566613121
0.9776278,0.3264925697117212
0.98435813,0.2026690782509362
0.98237604,-0.0300607660665173
0.9823844,0.0022828350159599
0.9823844,0.1236000608883609
0.95812756,0.1986122765651806
0.93351376,0.3140971122892991
0.97794765,0.0223090469480479
0.833068,-1.4610625288015965e-05
0.8739699,0.0087691686521159
0.7506196,0.0585875999882762
0.9957162,0.0978401857654009
0.9954143,0.1680021169459647
0.99879605,0.0591159132390166
0.96703875,-0.019275229239307
0.9846111,0.0109834382713073
0.98288053,0.0072509984144384
0.98288053,0.3190431043642664
0.9825867,-0.0087642405898547
0.91431916,0.050160757290781
0.6806862,0.0454828030285715
0.9577257,0.089439326241523
0.98145026,-0.0071320609004866
0.9473188,-0.0009061475287369
0.994287,-0.2482170222427092
0.9918683,-0.0560267076939565
0.9896204,-0.1252578613601842
0.9985772,-0.0527409061876793
0.8544081,0.0453448441728066
0.9370483,-0.0998994366280707
0.9904235,0.2190867982117621
0.97596854,0.0505416919425524
0.99040306,-0.0238714946629844
0.99940985,0.0363954639137733
0.99963397,-0.0463358759525995
0.9272002,-0.0119205044625095
0.9961628,0.1367218649472604
0.9772829,0.0154808509188112
0.99625885,-0.0941506832729826
0.97981566,0.1608660193757867
0.97975713,0.1944471232801826
0.97975713,-0.0441177891241399
0.93662363,0.0701124248831024
0.9119215,0.0030556034833778
0.99253005,-0.1164174319016592
0.8466325,-7.423009294611181e-05
0.8843417,0.0
0.7670246,-7.107344251111972e-06
0.9986534,-5.572039053197586e-05
0.9983975,0.0067131649677468
0.99879605,0.0065881426393882
0.9585694,-0.0002048634906302
0.97534007,-0.0045598010590757
0.9731245,-0.0107979231191443
0.9731245,0.0670977381390579
0.97282004,0.0021055938480174
0.90891707,0.0902924090363648
0.69714445,0.0126911611885977
0.94347656,0.0972281396708698
0.98625183,0.0293958241089856
0.95422566,0.0015361582939469
0.988544,0.0259115310029553
0.984935,0.064404062895497
0.9825273,-0.0118863844656602
0.99941003,0.0428083686938927
0.829727,-0.0041473967624527
0.9199139,-0.0009649703652982
0.9922502,0.05881832763631
0.97901213,0.1004337973316461
0.98305845,0.0003502276286124
0.9985627,-0.0009115630154465
0.9972794,0.0171456273923286
0.9089268,0.0161777900033899
0.99090296,0.0307550331557891
0.97383857,0.0806194023234489
0.9908375,0.0489384040207888
0.9779367,-0.014436882325804
0.97790885,0.0093776888471646
0.97790885,-0.0149918494398113
0.9424213,0.0712114630403949
0.91608196,0.0178770555530593
0.98539436,-0.0007384779920073
0.91308796,0.0015915075976075
0.9437543,-8.858809360463946e-05
0.8655695,-0.0002128889848248
0.91769123,0.0304451234205294
0.91947645,0.0813589624443151
0.91431916,0.1375778814744926
0.90891707,0.0223908456940231
0.97839767,0.0
0.9367685,0.0240959414213936
0.9359486,0.0238864041295497
0.9359486,0.1132869085261127
0.9373699,-0.0028660345413771
0.83834654,0.0207327363347248
0.9399748,0.1997250765049222
0.94436324,0.1879600123573508
0.9595753,0.0160213011482068
0.9380724,0.048475730948706
0.93649757,0.0829140197495919
0.94643164,-0.0120940126161914
0.9225806,0.0137373985507708
0.8904441,0.0129006534027161
0.93160564,-9.172014357903374e-05
0.9489302,0.0150773170685021
0.96364635,0.1393168713420934
0.9392648,0.0008391505366999
0.89999115,0.0
0.9107138,0.0029250074276411
0.92795694,0.0471379165087368
0.9291009,0.001512938142379
0.9793684,0.0266152725211716
0.9178603,0.0293256169882007
0.97554857,-0.0235328903391334
0.97556984,-0.0254154703684468
0.97556984,-0.0260301848741636
0.97060794,0.0463357516988808
0.9807605,0.0346786769217383
0.91968,-0.0008922334181669
0.9711866,0.0255497282068783
0.95078206,0.0209319887776334
0.9930431,0.0017725785867601
0.731835,0.0285402114580635
0.7354475,0.0715914936663161
0.6806862,0.1030642243286718
0.69714445,0.0685134961841894
0.7304888,0.0119772929509681
0.6494533,-0.0071969716477305
0.6448911,-0.0014369782790402
0.6448911,0.130001842770774
0.64729756,0.0055344007833008
0.83834654,0.1986705883977908
0.6267404,0.2278360406997221
0.8057774,0.0066696529202536
0.87835354,0.0719969082273793
0.67785585,0.0378045979395141
0.6661369,0.0766090663019246
0.68079007,-0.0178004471827688
0.71559805,0.0807302027144382
0.53172594,-0.0018232170803913
0.60236144,-0.0038400506584125
0.77404594,0.1970334195580929
0.82185555,0.0287641759776995
0.6671516,0.0226131286923102
0.66138357,0.0659575913770967
0.6637322,0.0667128851498057
0.5934044,0.0483085784416093
0.6671881,0.0620675265475734
0.77748,0.208074863237735
0.6480837,0.1054149807681777
0.7827391,-0.0123532638104173
0.78311527,0.02304940291719
0.78311527,0.0133139362508272
0.88965607,0.0809487122465837
0.9020301,0.108908911434335
0.637597,0.0326254203960908
0.7686201,0.0372086176002437
0.82051253,0.0149917292663326
0.68453795,0.0031063989028497
0.9351778,0.0508168512506519
0.9352211,0.0868023682590206
0.9577257,0.1790479860886688
0.94347656,0.0715616167634212
0.9864937,0.0088234561604156
0.99321556,-0.0619925797094063
0.99423325,0.0121557021936138
0.99423325,0.2047514131841344
0.9944579,0.0004913243067924
0.9399748,0.2744024944557654
0.6267404,0.2394295191622546
0.92317855,0.0127446707729895
0.89271635,0.080358752960613
0.9825894,0.1081069690755795
0.98653466,0.2408061685910967
0.98811686,-0.0431126896742808
0.94882,0.1400137845855435
0.9671719,-0.032166269500947
0.9978331,0.013089687891284
0.94510657,0.3396784385227521
0.9328927,0.0391223972450632
0.9881967,0.0423333035377036
0.9516519,0.1425674229577126
0.9622385,0.2006411146865684
0.99567664,0.0880846972670613
0.9791893,0.1009723952192096
0.9695928,0.5685182276708307
0.9771827,0.2517956320353538
0.9621515,-0.0690400032571341
0.9619614,0.0107718767083226
0.9619614,0.0080841764744294
0.89292824,0.1875503973409763
0.8850373,0.0904791334701753
0.9837133,0.0981538157067495
0.9224183,0.0056631750799384
0.9491996,-0.0001831558588827
0.8614572,0.0005295105735831
0.99313784,0.0406213255467304
0.9937629,0.0894595669164677
0.98145026,0.1585585353967517
0.98625183,0.0241030945258224
0.9603364,0.0
0.9547803,0.0255632106321754
0.95187634,0.0247955363309021
0.95187634,0.1185991870665823
0.95218474,-0.0030188827501696
0.94436324,0.075877224123556
0.8057774,0.0268867573220045
0.92317855,0.1742510284830439
0.99042565,0.0148667599576254
0.9723601,0.0527618842437115
0.96660453,0.0876080618053011
0.9681323,-0.0114643245067523
0.9900537,0.012319968340248
0.80674326,0.0146651640914323
0.89796484,-0.0001413517172271
0.9977475,0.019472108494177
0.99789053,0.1380695503827692
0.96532804,-0.0002399335484848
0.97679216,0.0
0.9762586,0.0032676116904749
0.8867836,0.0743588617037335
0.9717961,0.0032050552080117
0.98360205,0.0405991538247823
0.9672548,0.0105047665131207
0.98836315,-0.0189745933460552
0.9884283,-0.0290740880910162
0.9884283,-0.029238442377261
0.9835904,0.0507493378184692
0.96525127,0.0403127887209153
0.96027565,-0.000813253259204
0.8505563,-2.220509765054401e-05
0.8941813,-0.0016770591281395
0.7785154,-0.0011142112049882
0.95778215,-0.0049277982684029
0.95844793,-0.0027086177249594
0.96703875,-0.0177060599338792
0.9585694,-0.0019760009925509
0.9877844,-0.055235327238425
0.98749006,-0.015669672126079
0.98749006,0.0900835596566713
0.98809916,0.0223637193273469
0.97839767,-0.0189336257101938
0.7304888,-0.0198156469361183
0.9864937,-0.0302131729245181
0.9603364,0.010324654293154
0.94679403,0.3110118464636728
0.9860207,-0.0200341920973766
0.9863965,0.0387646069798519
0.9909606,0.0783855337250657
0.9662729,0.0207090517519072
0.9306434,-0.0272190620175349
0.97777146,0.0138639853093559
0.97374564,0.2309315504957512
0.9715049,0.1336906389018291
0.98803437,0.0905261040954076
0.95866436,-0.0024119394578756
0.96741676,0.0056447125453859
0.973332,0.2961171536605146
0.9812522,0.0287612822849697
0.9944908,0.0251807419670505
0.9757534,0.1038435107493478
0.99082446,-0.0798346269210355
0.9907435,-0.078814888201706
0.9907435,0.0221737312601066
0.9500861,0.1021307390908321
0.94759625,0.3390994465581214
0.97833455,-0.0153133139010854
0.7941537,0.0169982688916399
0.84307957,0.008769620899019
0.70873827,0.0050264528381048
0.9661405,0.0304431266624927
0.96599513,0.0355664023839998
0.98288053,0.0566605972569044
0.9731245,0.0128670810871546
0.98749006,-0.0043491718567423
0.9999474,0.135161811384013
1.0000001,0.1311740877863907
0.999991,0.0719670045374455
0.9359486,0.0078391510258242
0.6448911,0.0059665669100336
0.99423325,0.0163151504323564
0.95187634,-0.0060311632047546
0.9182385,0.0041830127780016
0.9964782,-0.257605716019606
0.9982433,-0.0726194823057199
0.9981219,-0.2083172782219595
0.97613674,-0.04944752906758
0.9351359,0.0065769068048426
0.98528385,-0.2805448804877607
0.9697065,0.3243608852838598
0.9556355,-0.029456243780005
0.99870694,0.079396350005622
0.9791014,0.0628092140278618
0.98586833,-0.1083984528783971
0.9802629,0.0142180335981802
0.99522233,0.2068992154762026
0.9800464,0.089108763279512
0.99429965,-0.1169927363494581
0.9761867,0.303784235827567
0.97603744,0.3114710560572635
0.97603744,0.1136666304734803
0.914,0.0806723055785899
0.89914215,0.0115498564004797
0.997178,-0.1633117343077246
0.7984259,0.0164882440041935
0.8468546,-0.0022607039326107
0.7133638,0.0050286816472565
0.9686962,0.0300430252410257
0.9685597,0.0350734567765471
0.9846111,0.0549821249413422
0.97534007,0.0123909424103694
0.9877844,0.00519213574581
0.9999474,0.1384688081607972
0.9999474,0.4737885568564376
0.9999362,0.171946833870016
0.9367685,-0.0558498046981137
0.6494533,-0.0044273591175928
0.99321556,-0.1465891426131338
0.9547803,-0.1190062698683486
0.9215126,0.0010858872175704
0.9972838,0.2573134516637664
0.9987916,0.085454937145806
0.99865544,0.0272909364280489
0.97828066,0.0732641992654731
0.93169767,-0.0951800577642331
0.98361826,0.0008755558173914
0.9720503,-0.1440601515273693
0.9581987,-0.2633238946516472
0.9991756,0.0056352388459376
0.98090255,0.0067244259973178
0.98736197,0.0721290181150927
0.97833973,-0.0852322418225743
0.99612164,-0.0359413362553954
0.98134243,-0.2970481249814397
0.9951544,0.1205697007384489
0.9778328,0.0087301294636
0.9776898,0.0090764953347245
0.9776898,0.3962847389624601
0.91707945,-0.034453100700067
0.9019345,0.0044653095250979
0.9976676,0.0077470325076358
0.7941537,0.0173287595489038
0.84307957,0.0
0.70873827,-0.0023428370227712
0.9661405,0.018342993503637
0.96599513,0.0243815950318077
0.98288053,0.0099196927819624
0.9731245,0.0063722168180621
0.98749006,0.0
0.9999474,0.0193867952455415
1.0000001,0.2215744538053276
0.999991,0.1378706261472842
0.9359486,-0.0006645965324628
0.6448911,-0.0001825498456492
0.99423325,-0.0030715690042628
0.95187634,0.0002739406449206
0.9182385,-0.0006002353746015
0.9964782,0.2861261919502769
0.9982433,0.0471609628558983
0.9981219,0.210137956820722
0.97613674,0.0284667568703057
0.9351359,0.0
0.98528385,0.2712565743994098
0.9697065,0.0598353423037178
0.9556355,-0.0188062185384455
0.99870694,0.127206333575655
0.9791014,0.0225465865812478
0.98586833,-0.0037673068572012
0.9802629,-0.0238319875819635
0.99522233,0.0317692514851006
0.9800464,0.0
0.99429965,0.0447635712235561
0.9761867,0.0439464616930409
0.97603744,0.0344127123828728
0.97603744,0.5847858702369853
0.914,-0.0127751406678403
0.89914215,-0.0101093933544454
0.997178,0.1531673093027864
0.7957788,0.0139486978448434
0.84456205,0.0
0.71073896,0.0054537226733411
0.96598834,0.0342293231799235
0.96586597,0.0360639562115447
0.9825867,0.0586364954320102
0.97282004,0.0120994860259192
0.98809916,0.0
0.9999362,0.0348905424643949
0.999991,0.1355456363107436
0.999991,0.1650471078897264
0.9373699,0.0005503227673553
0.64729756,0.0031184956816804
0.9944579,0.0
0.95218474,0.0041955027333478
0.9190867,0.0086492762113802
0.9964313,0.3335913383631573
0.9981885,0.0812421191665976
0.99819106,0.1994653182960459
0.97597593,0.0261705260557806
0.9357389,0.0
0.98558956,0.2042867782063286
0.9699251,0.0712791344434422
0.95617753,-0.0080550952876524
0.9986897,0.1137190061124894
0.97866416,0.0
0.98552287,0.0006389538706446
0.9806137,-0.0229444837691645
0.9950679,0.0804827620424384
0.98064196,0.0
0.9940226,0.1193346255190281
0.9767335,0.0486284492507842
0.9765855,0.0578629093011929
0.9765855,0.5928230244024504
0.9150509,0.0202889179796675
0.90051365,-0.011671652598029
0.996935,0.1905513103084891
0.9649337,0.001150149821008
0.98315954,-0.0011913714279615
0.92017615,-0.0007616399598415
0.9675029,-0.0036262225375194
0.96887296,-0.0023976855765856
0.9473188,-0.0120045322803488
0.95422566,-0.0013488425277337
0.94679403,0.0866779986213914
0.9215126,-0.0302994263417276
0.9182385,-0.013930914788698
0.9182385,0.0386089570597015
0.9190867,0.0314564886251496
0.9595753,-0.0086607451178889
0.87835354,-0.01286079284084
0.89271635,-0.0081876645346172
0.99042565,0.0109469219318822
0.94127107,0.0511998453330251
0.9341653,0.0956312474493911
0.93928814,0.0209863954703538
0.9619822,0.0287050065207447
0.7799211,-0.023116725951404
0.8675995,-0.0130728138949695
0.98226035,0.2073886167748685
0.99369216,0.1819916006855839
0.9336363,0.0638678849961402
0.93871444,-0.0013624472392669
0.9394424,-4.3948602225394126e-05
0.85688996,0.5979437984994205
0.9379184,0.0112721730412741
0.97446185,0.0267826467427528
0.9295392,0.072834179251955
0.9792122,-0.0593814789228078
0.9793464,-0.0596304935873395
0.9793464,0.0055615288100339
0.99834514,0.069808327397387
0.98848045,0.10284491000983
0.921985,-0.0066419199177554
0.8251101,-0.0146022790726145
0.86986095,-0.0088889411796984
0.7425454,-0.0054756098166876
0.984213,-0.0282418569999017
0.9841161,-0.0337093101574719
0.994287,-0.0523442790651318
0.988544,-0.0114013545263238
0.9860207,0.0044397368547787
0.9972838,0.0244320943490059
0.9964782,-0.1211307531689745
0.9964782,-0.4842597455976231
0.9964313,-0.0586039702533025
0.9380724,0.0104623542236887
0.67785585,0.0095465384641539
0.9825894,0.0308837989262651
0.9723601,-0.0099412239045186
0.94127107,-0.003239150531083
0.999678,0.1910634528586558
0.9992727,0.2698809513596552
0.9908026,0.0917563127593707
0.9036126,-0.0410754301776101
0.9683113,0.1725116117805031
0.98560673,-0.3222084212783841
0.9730321,0.0305108358447027
0.9994393,-0.0679782594264865
0.9912498,-0.0725372943709404
0.9953852,0.0854178396986066
0.96116024,-0.0626161270032038
0.9996409,-0.1666798890562542
0.98686963,-0.1346719543572495
0.998503,0.177815613687905
0.9858982,-0.1926777474885202
0.98579925,-0.1930941324184933
0.98579925,-0.2317215952782521
0.9351622,-0.0331296559092334
0.9175233,-0.0110061714687822
0.99836296,0.2032332690120581
0.81490135,0.0161259050992917
0.86099803,0.0119028127140512
0.7311096,-0.0007809299666594
0.97965777,-0.0027151493270086
0.9795225,0.0072627215236503
0.9918683,0.0084730146796337
0.984935,0.0223569502129459
0.9863965,0.025008243710673
0.9987916,0.0141338230445858
0.9982433,0.0933593633450123
0.9982433,-0.00219054452697
0.9981885,-0.1225183650514689
0.93649757,0.0475806606041397
0.6661369,0.054170437425104
0.98653466,0.0669409422519902
0.96660453,0.0650795809866081
0.9341653,0.0692691208216777
0.999678,0.1574626594801461
0.99952656,-0.0706251984106161
0.9872677,0.1695886826838535
0.91316533,0.0174644342140974
0.9737796,0.0261562266834708
0.98129255,0.2074003564440647
0.9679284,0.249081709331272
0.9999246,0.0113151035780891
0.98875576,0.0056933448769921
0.9935879,0.0542500166730162
0.9672215,0.1855866788035792
0.99917054,0.0730990983569041
0.98482597,0.1826837617011658
0.9982361,0.3347708446604659
0.9830102,0.0635052430893232
0.9828946,-0.0151180294383117
0.9828946,-0.0524842354565653
0.92834383,0.2221990541439031
0.91108745,0.0563372132582988
0.9989737,-0.0301675731346993
0.8243692,-0.0143231818813606
0.86996645,-0.0087686843124287
0.74270654,-0.0049847241657721
0.9781805,-0.0300944499012197
0.9781979,-0.0353145063463627
0.9896204,-0.053051717609906
0.9825273,-0.012712845442956
0.9909606,0.002513745375987
0.99865544,-0.1053843504588513
0.9981219,-0.1220068987604612
0.9981219,-0.6018188611883343
0.99819106,-0.0740311731707109
0.94643164,0.012978325016616
0.68079007,0.0037316527693573
0.98811686,0.022845057671199
0.9681323,0.0035358643747939
0.93928814,-0.0009368717992809
0.9992727,0.2757124268510426
0.99952656,0.1235052044025355
0.98585254,0.0382516152166632
0.91715366,-0.0192268674672716
0.97589743,0.2053850433416029
0.9824524,-0.3026480351780913
0.9712143,0.0145772865425314
0.99975115,-0.0718115344080506
0.985535,-0.0647140040591106
0.99102134,0.1239325978110608
0.9696466,-0.0031779269732331
0.99798965,-0.1949741283487368
0.98892975,-0.0116214781550565
0.9961802,0.1202764033237962
0.98687434,-0.3401063040766989
0.98676693,-0.3500650635932438
0.98676693,-0.3658105865747026
0.9351246,-0.0549872460855273
0.92055064,-0.0164668641080186
0.9971551,0.1825482548868386
0.8595445,0.0201270379092495
0.89657223,0.0086610478898371
0.7824202,0.0088396753106372
0.9990591,0.0436712533528236
0.99897915,0.0407148767323671
0.9985772,0.0643198960305807
0.99941003,0.0132001356580161
0.9662729,0.0016321569378067
0.97828066,0.1341112188834525
0.97613674,0.1301116999359149
0.97613674,0.6293735630309012
0.97597593,0.11183775605503
0.9225806,0.0130196681905527
0.71559805,0.0121633079474127
0.94882,0.0230072598864459
0.9900537,0.0299914998567864
0.9619822,0.0805660550361483
0.9908026,0.0596907653298026
0.9872677,0.1897683950041165
0.98585254,-0.0872749299684784
0.83910716,0.0053430411757065
0.92620146,0.0752044515814288
0.99570745,0.5374604361814108
0.98485583,0.0060147873889379
0.9857334,0.1129648318863208
0.9971657,0.3865099990874224
0.9967878,0.1852357611921928
0.9156874,0.0142809822152602
0.99225855,0.2030758281128284
0.98086786,0.0840507824865617
0.99124324,0.1239748078546851
0.9843964,0.015585699745326
0.9843746,0.0203725154650324
0.9843746,0.5034261251370922
0.9518843,0.2268587337602173
0.92821187,0.093519579068728
0.9862665,0.0952256531683554
0.7416711,0.0188909929397018
0.7955115,0.0
0.65771943,0.0054537226733411
0.91020083,0.0342470582675897
0.9102785,0.0360848620724433
0.9370483,0.0586720131589436
0.9199139,0.0121708316532341
0.97777146,0.0
0.98361826,-0.0552250356343003
0.98528385,0.0549726100933388
0.98528385,0.4934574136829934
0.98558956,0.0875936229149144
0.93160564,0.0090107179530036
0.60236144,-0.0028904043298298
0.9978331,0.0163989073229083
0.89796484,0.0086752829627598
0.8675995,0.0093807765091924
0.9683113,0.2935762062882395
0.9737796,0.0824393490904351
0.97589743,0.1714600596327654
0.92620146,0.0412304203309098
0.98173887,-0.0360570986147599
0.92275417,0.125736986240762
0.91056156,-0.0533155761660553
0.9760539,0.1121222633644439
0.93004143,0.0833365850210863
0.94277567,0.0187822427630187
0.9996274,-0.0462697697875434
0.96395737,0.0877353099879205
0.95486265,0.0
0.9617791,0.1351219702604777
0.94512504,0.0308945575434204
0.9449028,0.0497317747338788
0.9449028,0.5958548876859336
0.8697412,0.0199058308768803
0.86483884,0.0079878132756014
0.9706325,0.1945420101845134
0.89973074,0.0058775910465358
0.93212,-0.0040153341254298
0.8320764,-0.0008295348193394
0.99601173,-0.0039677474441359
0.99644405,-0.003231063617755
0.9904235,0.0528691868413848
0.9922502,-0.0015862707008321
0.97374564,0.0503626375588686
0.9720503,0.0683207440329814
0.9697065,0.0626375833473517
0.9697065,0.3173812303908728
0.9699251,0.0719529845985191
0.9489302,0.0163650056066611
0.77404594,0.010025090988437
0.94510657,0.0606834230279307
0.9977475,-3.073496030294632e-05
0.98226035,0.001263334348396
0.98560673,0.1226947273277834
0.98129255,0.290317923045307
0.9824524,-0.0151704525323983
0.99570745,0.0799443061822854
0.8381885,0.0003364541492418
0.92275417,0.0008811197235292
0.9966512,0.1950440121238755
0.980356,0.0649764125602173
0.9861473,0.0865868626920774
0.9869537,-7.347047696117639e-05
0.9126275,0.1441693619677937
0.9850148,0.1963320301294562
0.99055326,-9.893261935028276e-05
0.98130137,0.1210983118170652
0.99386054,0.2295421233340503
0.9938808,0.239585178474247
0.9938808,0.5465503539139765
0.97596496,0.0528516450715162
0.9583832,-0.0002860691365682
0.9761766,0.1107772933210317
0.93039626,0.0136567986076854
0.9578336,-0.0029289761406964
0.87204754,-0.0007548448607059
0.98658514,0.0298871018599789
0.987464,0.032788914602163
0.97596854,0.0565298711808846
0.97901213,0.0106789611860175
0.9715049,0.0501522037577674
0.9581987,0.0412914074950831
0.9556355,0.016917022392166
0.9556355,0.0600880168137368
0.95617753,0.0448116393609609
0.96364635,0.0097156128177927
0.82185555,0.0001496986480032
0.9328927,0.021056225684273
0.99789053,-0.0007116323225439
0.99369216,0.0984141685840993
0.9730321,0.0935232720356729
0.9679284,0.1855240684455538
0.9712143,0.227406852228135
0.98485583,0.0852264373027745
0.8278941,0.0
0.91056156,0.0025133789055874
0.9966512,0.2722362635578089
0.967432,0.0645242734617451
0.96930134,0.086438167158463
0.97090334,0.0722713383283426
0.9006924,0.0172078218129892
0.9707711,0.1598660990424667
0.9909882,-0.0027917184130513
0.9647634,0.111931201690449
0.9942327,0.2297741247253698
0.99429345,0.2301061404196505
0.99429345,0.5496328757608485
0.99040294,0.0832005119902049
0.97767764,0.0773898138364429
0.9593175,0.0162764577640304
0.8147136,0.0159386582859763
0.8611163,-0.0013260449354657
0.7311799,0.0053100857279796
0.97778755,0.0334735142957566
0.9776894,0.0361265387847292
0.99040306,0.0584328820484459
0.98305845,0.0120420350223261
0.98803437,0.0051504193712631
0.9991756,-0.0567059144457301
0.99870694,0.058370464012374
0.99870694,0.5616277137834049
0.9986897,0.1262880931156074
0.9392648,0.0086938926872019
0.6671516,0.0071538775151902
0.9881967,0.0143972133212283
0.96532804,0.0095571756344491
0.9336363,0.003424768047816
0.9994393,0.1971245270053584
0.9999246,0.0895337259362082
0.99975115,0.0631648587662779
0.9857334,0.0997142073758731
0.9172033,0.0204194681463954
0.9760539,0.0181541996148519
0.980356,0.3119618738242298
0.967432,0.0140164313598625
0.98695725,0.1695734788047403
0.99220645,0.1044671363621982
0.96976686,0.0253106056626574
0.998633,0.1819080224310788
0.98555386,0.0058927643857023
0.9974709,0.0836989022473437
0.9834302,0.0808555340799644
0.9833124,0.1061823687122326
0.9833124,0.6297377480980318
0.9284742,0.0560472756758346
0.9122688,0.0444834972223356
0.9985406,0.0476674633908051
0.81921935,0.005556004201111
0.86085784,-0.000227707263408
0.7342702,0.0054701822071254
0.9944697,0.0205892318339768
0.99399126,-0.00052403203725
0.99940985,0.0382621757388851
0.9985627,0.0121388147440042
0.95866436,0.0
0.98090255,-0.0715563252439221
0.9791014,-0.0573923575052287
0.9791014,0.3850534971011933
0.97866416,-0.0204646721913342
0.89999115,0.0039910557902725
0.66138357,-0.0063362834221987
0.9516519,-0.002537687412928
0.97679216,0.0070427969562614
0.93871444,0.0029455475804681
0.9912498,0.2730998950549927
0.98875576,0.1173436102021499
0.985535,0.1354498694895301
0.9971657,0.0860162106979174
0.84433854,0.0164380600609753
0.93004143,0.0759636226080014
0.9861473,0.3029446897237944
0.96930134,0.0135655317461146
0.98695725,0.0549279741451845
0.99932265,0.1379751341865046
0.91972697,-0.0280612485689019
0.99402004,0.1202274030942749
0.9695093,0.017161692040992
0.9950593,-0.0770810741217925
0.9726277,0.1750281233994351
0.9725631,0.1624370065327967
0.9725631,0.5118509325252225
0.9263702,0.0233022806569666
0.8991092,0.0210093116720246
0.990867,0.113014812015932
0.81972486,0.0101337691814727
0.86254376,0.0093800581557091
0.73487055,0.0083154452794714
0.99287176,0.0693489924245764
0.99247503,0.0628950804058069
0.99963397,0.0998727278938069
0.9972794,0.0144071588387395
0.96741676,0.0209593926702125
0.98736197,0.0684786148525946
0.98586833,0.0903336824929898
0.98586833,0.5839847538071952
0.98552287,0.0470925796483691
0.9107138,0.022739975630362
0.6637322,0.0361495351608005
0.9622385,0.0397276799679839
0.9762586,0.0235941071222142
0.9394424,0.0280726989386353
0.9953852,0.1392096245534393
0.9935879,0.3109641762115061
0.99102134,-0.0333031676511169
0.9967878,0.0296709793531601
0.86310583,0.0097773558003075
0.94277567,0.0038267486846889
0.9869537,0.260192455981481
0.97090334,0.0129639027087041
0.99220645,0.0534934631635053
0.99932265,-7.927335438486063e-05
0.93336815,0.2572951660170702
0.9973627,0.0307655557984139
0.9752237,0.3710829738072476
0.9979313,0.2799289504228057
0.97712225,-0.0534956853051201
0.9770447,-0.0652233958436137
0.9770447,0.3914247619386165
0.9286509,0.1659825494283175
0.9037485,0.0602784163663547
0.9949512,0.0532328027488418
0.7309236,0.0071355398427682
0.78538704,-0.0014194814654175
0.6473945,-0.0008864437512459
0.8987683,-0.0044294990415484
0.8988761,-0.002745542802736
0.9272002,-0.0135072838198004
0.9089268,-0.0016055532361219
0.973332,0.0855501364681154
0.97833973,0.1110894928540934
0.9802629,0.1047191419568401
0.9802629,0.5430537153460051
0.9806137,0.1032752096796
0.92795694,0.0285428271897662
0.5934044,0.0104880680356701
0.99567664,0.0750476148656847
0.8867836,0.07127237469438
0.85688996,0.3389205953946959
0.96116024,0.1538515739782917
0.9672215,0.3504182862450407
0.9696466,-0.0315422759487455
0.9156874,0.0767536986827441
0.986547,0.0102596519729473
0.9996274,0.0171951824478774
0.9126275,0.4331709673243342
0.9006924,0.504612364108261
0.96976686,0.1100978163738447
0.91972697,0.0001826712476738
0.93336815,-0.001229741259188
0.9563511,0.0632162199364435
0.9480276,0.0427856632271089
0.95401573,0.3096154143103303
0.93735826,-0.1624800094603078
0.93712443,-0.1987898841188299
0.93712443,0.1986112229684462
0.8599631,0.1041462782575422
0.8565244,0.1839409858628687
0.9638079,0.0113112611841251
0.8185307,0.0302944369900874
0.86347955,0.0120425091809551
0.7343281,-0.0027056386883743
0.98599684,0.0005593480850666
0.9857743,0.0184233136400531
0.9961628,0.0169307302667491
0.99090296,0.0170775496576361
0.9812522,0.002676828780355
0.99612164,0.1002181238934896
0.99522233,0.1181081381770401
0.99522233,0.5973437843651066
0.9950679,0.0698001817208752
0.9291009,0.0310037145103173
0.6671881,0.0224660467613694
0.9791893,0.0638407198170303
0.9717961,0.0427137293331388
0.9379184,0.0705648659299586
0.9996409,0.0743639950092005
0.99917054,0.1959829164774987
0.99798965,0.0293183529859855
0.99225855,0.0393767425448055
0.8962847,0.006976238884489
0.96395737,0.0884369474575438
0.9850148,0.5302231368627539
0.9707711,0.1553847089498836
0.998633,0.007324178138228
0.99402004,0.0601679861183065
0.9973627,0.1053114335196135
0.9563511,0.0653527338649911
0.98310786,0.2498463222346288
0.99956065,0.2485975914890927
0.98265874,0.1508733923063506
0.98255765,0.1726131355283518
0.98255765,0.4407985772610434
0.93037194,0.1828863638137214
0.9104621,0.0726948157196789
0.9989346,0.1036530310950914
0.79450554,0.0104636592794298
0.84215176,0.00552119534111
0.7068573,0.0034284014862354
0.9783282,0.0200275260376446
0.97794765,0.0247654703944996
0.99253005,0.0391105078535432
0.98539436,0.008218068738276
0.97833455,-0.0003771909465851
0.9976676,0.04616307783897
0.997178,0.0505960266344761
0.997178,0.2705749626443239
0.996935,0.0593919140690021
0.91968,0.0082915086823995
0.637597,0.0099781804228722
0.9837133,0.009853357658173
0.96027565,-0.003153518788179
0.921985,0.0040025506463666
0.99836296,0.0719869390419941
0.9989737,0.0722810412718438
0.9971551,-0.0881098937687575
0.9862665,0.0229017255865865
0.9084289,0.0051258136862235
0.9706325,0.0269884904178792
0.9761766,0.1560295715153013
0.9593175,-0.0056682725874711
0.9985406,0.0346717383780626
0.990867,0.1011363724359762
0.9949512,0.1055208785625435
0.9638079,-0.0178848945040005
0.9989346,0.0948410350781005
0.97634786,0.0034651233553968
0.99934316,0.0211579835548798
0.9747234,0.0015358774697472
0.97459036,0.0013646897907041
0.97459036,0.1802467093568551
0.9140393,0.025319702608518
0.89338356,0.0072668141711218
0.8927283,0.0268652021839569
0.929361,0.0096996725756083
0.8265403,0.0064211808245406
0.9768477,0.0220972101225331
0.9776278,0.0631634336569571
0.9772829,0.1014223782935682
0.97383857,0.0393995001856602
0.9944908,0.0007915467146751
0.98134243,-0.0319797710675836
0.9800464,-0.0513674768880355
0.9800464,0.5108787333041482
0.98064196,0.0466199061427041
0.9793684,0.2532531881058188
0.77748,0.1967235632886221
0.9695928,0.2893443268564185
0.98360205,0.0135234501182153
0.97446185,0.0496774399439122
0.98686963,0.1746511625052722
0.98482597,0.3240437648088555
0.98892975,-0.0559211523034383
0.98086786,0.1907665275419529
0.8919501,0.0113617217857071
0.95486265,0.05201141623397
0.99055326,0.5127091351462727
0.9909882,-0.0031628804513531
0.98555386,0.1036329274804201
0.9695093,0.2035295226606011
0.9752237,0.1760296994210496
0.9480276,0.0405077851456108
0.98310786,0.1877294059848913
0.97726935,0.3999372630560915
0.99931717,-0.0305390082433988
0.9992991,0.0985667110942725
0.9992991,0.1998779007225536
0.97498095,0.2093866497156856
0.968124,0.0597496375305773
0.97634786,0.2259674247675654
0.8047315,0.011699390349462
0.8507225,0.0040714276064126
0.7179982,-3.400008052536315e-05
0.98474133,0.0039119920903034
0.98435813,0.0257268029389105
0.99625885,0.0403267371935009
0.9908375,0.0338317138529656
0.9757534,0.0105961018538623
0.9951544,-0.0462896500363362
0.99429965,-0.0706307029839927
0.99429965,0.460398724224043
0.9940226,0.0397006150504233
0.9178603,0.0565257864072189
0.6480837,0.0269027685334499
0.9771827,0.0775705769795695
0.9672548,0.0445350030213878
0.9295392,0.231052430285898
0.998503,0.1831541316359669
0.9982361,0.3352106651495112
0.9961802,-0.0552225355178682
0.99124324,0.2098802160666632
0.8931845,0.0092647669969673
0.9617791,0.0043646665548683
0.98130137,0.4926432080846536
0.9647634,0.0041040832366477
0.9974709,0.1097820202890476
0.9950593,0.0840557118079827
0.9979313,0.1910544611694463
0.95401573,0.0642303451092616
0.99956065,0.1813258550968083
0.97726935,0.5826714095274277
0.97692686,0.0401251744556251
0.97681403,0.2550473490889634
0.97681403,0.3432084852616142
0.92062485,0.1737950302568918
0.8985279,0.0837525479223224
0.99934316,0.2340638110669517
0.89845926,0.0165269068044639
0.93407714,0.008761402315096
0.83244216,0.0050136582828254
0.9816243,0.0303044987714228
0.98237604,0.0354882138560885
0.97981566,0.0564480753667765
0.9779367,0.012840220243827
0.99082446,-0.0045029434213393
0.9778328,0.1090678296020251
0.9761867,0.0982798750551428
0.9761867,0.6022010994238861
0.9767335,0.0246580486858593
0.97554857,-0.007401904819692
0.7827391,-0.0023908300278268
0.9621515,-0.0100944273271222
0.98836315,0.0019453519383079
0.9792122,-0.0285560622231445
0.9858982,-0.27550989433905
0.9830102,-0.1168364375082341
0.98687434,-0.1767646341684333
0.9843964,-0.0777783431871591
0.8757385,0.2942324400075001
0.94512504,-0.093814292112896
0.99386054,0.2095160249293229
0.9942327,0.0066377157800414
0.9834302,-0.046596440905804
0.9726277,0.0582998982547513
0.97712225,-0.1321219576540506
0.93735826,-0.0645032047856886
0.98265874,0.1581738135643493
0.99931717,0.1032566231252757
0.97692686,-0.1228482839441756
0.9999997,0.4422348708440683
0.9999997,-0.0129526363967715
0.97890216,0.0237132293809753
0.97089195,-0.064702722876355
0.9747234,-0.1448195285844276
0.89873576,-0.0017472207405428
0.9343033,-0.0003881872787982
0.8327832,-8.307298452912141e-06
0.98163027,-0.0168288172914684
0.9823844,-0.010777166428028
0.97975713,-0.0442176325663953
0.97790885,-0.0005629296284568
0.9907435,-1.1485312969868023e-05
0.9776898,-0.0031316008946071
0.97603744,-0.037529736504908
0.97603744,-0.274942855720862
0.9765855,-0.0050447141501212
0.97556984,-4.051819164333e-05
0.78311527,-3.310988690737761e-05
0.9619614,-7.196031797156091e-05
0.9884283,-0.0029646077475395
0.9793464,0.0017596268718568
0.98579925,-0.0449692701068597
0.9828946,-0.0632326988537337
0.98676693,-0.0355982907417782
0.9843746,0.0095641060336825
0.8754384,-9.501311102060224e-05
0.9449028,-0.0429258253424095
0.9938808,-0.01823267183003
0.99429345,-5.987423769449476e-05
0.9833124,0.0197165590332801
0.9725631,0.0143978896882478
0.9770447,-0.0243502772414588
0.93712443,-0.0126307696580676
0.98255765,-0.0136646364587217
0.9992991,-0.0206882892716815
0.97681403,-0.0831309515658917
0.9999997,0.4524200043321013
0.99999994,0.2508590529929685
0.9790394,0.0004003543740784
0.97103614,-0.0002860691365682
0.97459036,-0.0607356892528186
0.89873576,0.0183829890856342
0.9343033,0.005705987313185
0.8327832,0.0054440228175281
0.98163027,0.0337142348946164
0.9823844,0.0348063618511977
0.97975713,0.0587468967958759
0.97790885,0.0120847963191648
0.9907435,0.000250452478826
0.9776898,-0.0924487711820031
0.97603744,0.0164312168020819
0.97603744,0.3178668969543363
0.9765855,0.1007311818219638
0.97556984,0.0099732691571206
0.78311527,0.0029917629149195
0.9619614,0.0186426721160013
0.9884283,0.0030109603636194
0.9793464,0.0066413762001471
0.98579925,0.0782510189801996
0.9828946,0.0356333441049912
0.98676693,0.0605856732471952
0.9843746,0.0128919114973491
0.8754384,0.019681855597792
0.9449028,0.0174290539160978
0.9938808,0.0546115353373312
0.99429345,0.0135655317461146
0.9833124,0.0284039824273704
0.9725631,0.0252897343187362
0.9770447,0.0126902593384081
0.93712443,0.0260338212477238
0.98255765,0.0537992253068017
0.9992991,0.0336811060577556
0.97681403,0.0509312020954258
0.9999997,0.268413627479441
0.99999994,0.2987683391854862
0.9790394,0.0631740241625686
0.97103614,0.0094633267889814
0.97459036,0.0320808569119823
0.9679805,0.0187622520222469
0.98657715,0.0001006827024128
0.9258888,0.0015223026972744
0.9565322,0.0415710546251436
0.95812756,0.0535170329358001
0.93662363,0.105880873722614
0.9424213,0.0204912877818977
0.9500861,0.0484145040052118
0.91707945,0.1022652583671733
0.914,0.1063081957291248
0.914,0.5587213623731513
0.9150509,0.097245424206976
0.97060794,0.0294119501477465
0.88965607,0.0300765912174413
0.89292824,0.047566070402717
0.9835904,0.0255872599584176
0.99834514,0.0561497128783212
0.9351622,0.1567487689648837
0.92834383,0.2879939730086778
0.9351246,-0.0562232326115153
0.9518843,0.1480476720240066
0.7879637,-0.0203276737555778
0.8697412,0.0230312234572041
0.97596496,0.5159246867951697
0.99040294,0.1406267180309866
0.9284742,0.0303270250766194
0.9263702,0.0054652701252443
0.9286509,0.1338901603347807
0.8599631,0.4646753114654711
0.93037194,0.0986151201830975
0.97498095,0.4571026314860587
0.92062485,0.2145387579857349
0.97890216,-0.031562573905477
0.9790394,-0.0238911177148816
0.9790394,0.0124252049859464
0.9955388,0.1393977718098075
0.9140393,-0.0027024576262551
